,title,year,url
0,Bloodborne,2015,/game/playstation-4/bloodborne
1,The Witcher 3: Wild Hunt,2015,/game/playstation-4/the-witcher-3-wild-hunt
2,Fallout 4,2015,/game/playstation-4/fallout-4
3,The Order: 1886,2015,/game/playstation-4/the-order-1886
4,Metal Gear Solid V: The Phantom Pain,2015,/game/playstation-4/metal-gear-solid-v-the-phantom-pain
5,Star Wars Battlefront,2015,/game/playstation-4/star-wars-battlefront
6,Batman: Arkham Knight,2015,/game/playstation-4/batman-arkham-knight
7,Call of Duty: Black Ops III,2015,/game/playstation-4/call-of-duty-black-ops-iii
8,Until Dawn,2015,/game/playstation-4/until-dawn
9,Destiny: The Taken King,2015,/game/playstation-4/destiny-the-taken-king
10,Dying Light,2015,/game/playstation-4/dying-light
11,Rocket League,2015,/game/playstation-4/rocket-league
12,Evolve,2015,/game/playstation-4/evolve
13,Mad Max,2015,/game/playstation-4/mad-max
14,Assassin's Creed Syndicate,2015,/game/playstation-4/assassins-creed-syndicate
15,The Elder Scrolls Online: Tamriel Unlimited,2015,/game/playstation-4/the-elder-scrolls-online-tamriel-unlimited
16,FIFA 16,2015,/game/playstation-4/fifa-16
17,Battlefield Hardline,2015,/game/playstation-4/battlefield-hardline
18,Uncharted: The Nathan Drake Collection,2015,/game/playstation-4/uncharted-the-nathan-drake-collection
19,Mortal Kombat X,2015,/game/playstation-4/mortal-kombat-x
20,Need for Speed,2015,/game/playstation-4/need-for-speed
21,Pro Evolution Soccer 2016,2015,/game/playstation-4/pro-evolution-soccer-2016
22,Journey,2015,/game/playstation-4/journey
23,Tom Clancy's Rainbow Six Siege,2015,/game/playstation-4/tom-clancys-rainbow-six-siege
24,Dragon Ball: Xenoverse,2015,/game/playstation-4/dragon-ball-xenoverse
25,Everybody's Gone to the Rapture,2015,/game/playstation-4/everybodys-gone-to-the-rapture
26,Just Cause 3,2015,/game/playstation-4/just-cause-3
27,Tony Hawk's Pro Skater 5,2015,/game/playstation-4/tony-hawks-pro-skater-5
28,Life is Strange,2015,/game/playstation-4/life-is-strange
29,NBA 2K16,2015,/game/playstation-4/nba-2k16
30,Dark Souls II: Scholar of the First Sin,2015,/game/playstation-4/dark-souls-ii-scholar-of-the-first-sin
31,Final Fantasy Type-0 HD,2015,/game/playstation-4/final-fantasy-type-0-hd
32,Bloodborne: The Old Hunters,2015,/game/playstation-4/bloodborne-the-old-hunters
33,Helldivers,2015,/game/playstation-4/helldivers
34,Project CARS,2015,/game/playstation-4/project-cars
35,Madden NFL 16,2015,/game/playstation-4/madden-nfl-16
36,The Witcher 3: Wild Hunt - Hearts of Stone,2015,/game/playstation-4/the-witcher-3-wild-hunt---hearts-of-stone
37,Resident Evil HD Remaster,2015,/game/playstation-4/resident-evil-hd-remaster
38,Borderlands: The Handsome Collection,2015,/game/playstation-4/borderlands-the-handsome-collection
39,Godzilla,2015,/game/playstation-4/godzilla
40,MLB 15: The Show,2015,/game/playstation-4/mlb-15-the-show
41,God of War III Remastered,2015,/game/playstation-4/god-of-war-iii-remastered
42,Destiny: House of Wolves,2015,/game/playstation-4/destiny-house-of-wolves
43,WWE 2K16,2015,/game/playstation-4/wwe-2k16
44,SOMA,2015,/game/playstation-4/soma
45,Tales of Zestiria,2015,/game/playstation-4/tales-of-zestiria
46,NHL 16,2015,/game/playstation-4/nhl-16
47,Life is Strange: Episode 1 - Chrysalis,2015,/game/playstation-4/life-is-strange-episode-1---chrysalis
48,Guitar Hero Live,2015,/game/playstation-4/guitar-hero-live
49,Divinity: Original Sin Enhanced Edition,2015,/game/playstation-4/divinity-original-sin-enhanced-edition
50,Resident Evil: Revelations 2,2015,/game/playstation-4/resident-evil-revelations-2
51,DmC: Devil May Cry Definitive Edition,2015,/game/playstation-4/dmc-devil-may-cry-definitive-edition
52,Beyond: Two Souls,2015,/game/playstation-4/beyond-two-souls
53,Shovel Knight,2015,/game/playstation-4/shovel-knight
54,Wolfenstein: The Old Blood,2015,/game/playstation-4/wolfenstein-the-old-blood
55,Grow Home,2015,/game/playstation-4/grow-home
56,Apotheon,2015,/game/playstation-4/apotheon
57,Tales from the Borderlands: A Telltale Game Series,2015,/game/playstation-4/tales-from-the-borderlands-a-telltale-game-series
58,Rory McIlroy PGA Tour,2015,/game/playstation-4/rory-mcilroy-pga-tour
59,OlliOlli2: Welcome to Olliwood,2015,/game/playstation-4/olliolli2-welcome-to-olliwood
60,Dragon Quest Heroes: The World Tree's Woe and the Blight Below,2015,/game/playstation-4/dragon-quest-heroes-the-world-trees-woe-and-the-blight-below
61,Tearaway Unfolded,2015,/game/playstation-4/tearaway-unfolded
62,Transformers: Devastation,2015,/game/playstation-4/transformers-devastation
63,Rock Band 4,2015,/game/playstation-4/rock-band-4
64,Dishonored: Definitive Edition,2015,/game/playstation-4/dishonored-definitive-edition
65,PlanetSide 2,2015,/game/playstation-4/planetside-2
66,Dead or Alive 5: Last Round,2015,/game/playstation-4/dead-or-alive-5-last-round
67,Final Fantasy XIV: Heavensward,2015,/game/playstation-4/final-fantasy-xiv-heavensward
68,ETHER One,2015,/game/playstation-4/ether-one
69,Game of Thrones: A Telltale Games Series,2015,/game/playstation-4/game-of-thrones-a-telltale-games-series
70,Zombi,2015,/game/playstation-4/zombi
71,Grim Fandango Remastered,2015,/game/playstation-4/grim-fandango-remastered
72,Gauntlet: Slayer Edition,2015,/game/playstation-4/gauntlet-slayer-edition
73,Super Meat Boy,2015,/game/playstation-4/super-meat-boy
74,Axiom Verge,2015,/game/playstation-4/axiom-verge
75,Devil May Cry 4: Special Edition,2015,/game/playstation-4/devil-may-cry-4-special-edition
76,Broken Age,2015,/game/playstation-4/broken-age
77,Wasteland 2: Director's Cut,2015,/game/playstation-4/wasteland-2-directors-cut
78,Final Fantasy X / X-2 HD Remaster,2015,/game/playstation-4/final-fantasy-x-x-2-hd-remaster
79,Saints Row: Gat Out of Hell,2015,/game/playstation-4/saints-row-gat-out-of-hell
80,The Talos Principle,2015,/game/playstation-4/the-talos-principle
81,NBA Live 16,2015,/game/playstation-4/nba-live-16
82,Armello,2015,/game/playstation-4/armello
83,Onechanbara Z2: Chaos,2015,/game/playstation-4/onechanbara-z2-chaos
84,Red Goddess: Inner World,2015,/game/playstation-4/red-goddess-inner-world
85,Payday 2: Crimewave Edition,2015,/game/playstation-4/payday-2-crimewave-edition
86,N++,2015,/game/playstation-4/n++
87,Tropico 5,2015,/game/playstation-4/tropico-5
88,Hotline Miami 2: Wrong Number,2015,/game/playstation-4/hotline-miami-2-wrong-number
89,Life is Strange: Episode 5 - Polarized,2015,/game/playstation-4/life-is-strange-episode-5---polarized
90,Galak-Z: The Dimensional,2015,/game/playstation-4/galak-z-the-dimensional
91,The Vanishing of Ethan Carter,2015,/game/playstation-4/the-vanishing-of-ethan-carter
92,Disney Infinity 3.0 Edition,2015,/game/playstation-4/disney-infinity-30-edition
93,LEGO Jurassic World,2015,/game/playstation-4/lego-jurassic-world
94,Life is Strange: Episode 2 - Out of Time,2015,/game/playstation-4/life-is-strange-episode-2---out-of-time
95,Zombie Army Trilogy,2015,/game/playstation-4/zombie-army-trilogy
96,Disgaea 5: Alliance of Vengeance,2015,/game/playstation-4/disgaea-5-alliance-of-vengeance
97,Xeodrifter,2015,/game/playstation-4/xeodrifter
98,Magicka 2,2015,/game/playstation-4/magicka-2
99,Teslagrad,2015,/game/playstation-4/teslagrad
100,Uncharted 4: A Thief's End,2016,/game/playstation-4/uncharted-4-a-thiefs-end
101,No Man's Sky,2016,/game/playstation-4/no-mans-sky
102,Final Fantasy XV,2016,/game/playstation-4/final-fantasy-xv
103,Tom Clancy's The Division,2016,/game/playstation-4/tom-clancys-the-division
104,Street Fighter V,2016,/game/playstation-4/street-fighter-v
105,DOOM,2016,/game/playstation-4/doom
106,The Last Guardian,2016,/game/playstation-4/the-last-guardian
107,Call of Duty: Infinite Warfare,2016,/game/playstation-4/call-of-duty-infinite-warfare
108,Overwatch,2016,/game/playstation-4/overwatch
109,Mafia III,2016,/game/playstation-4/mafia-iii
110,Dark Souls III,2016,/game/playstation-4/dark-souls-iii
111,Ratchet & Clank,2016,/game/playstation-4/ratchet-clank
112,Battlefield 1,2016,/game/playstation-4/battlefield-1
113,Titanfall 2,2016,/game/playstation-4/titanfall-2
114,FIFA 17,2016,/game/playstation-4/fifa-17
115,Watch Dogs 2,2016,/game/playstation-4/watch-dogs-2
116,Far Cry Primal,2016,/game/playstation-4/far-cry-primal
117,Gone Home: Console Edition,2016,/game/playstation-4/gone-home-console-edition
118,The Witness,2016,/game/playstation-4/the-witness
119,Deus Ex: Mankind Divided,2016,/game/playstation-4/deus-ex-mankind-divided
120,Pro Evolution Soccer 2017,2016,/game/playstation-4/pro-evolution-soccer-2017
121,Firewatch,2016,/game/playstation-4/firewatch
122,Dishonored 2,2016,/game/playstation-4/dishonored-2
123,The Elder Scrolls V: Skyrim Special Edition,2016,/game/playstation-4/the-elder-scrolls-v-skyrim-special-edition
124,Battleborn,2016,/game/playstation-4/battleborn
125,Rise of the Tomb Raider: 20 Year Celebration,2016,/game/playstation-4/rise-of-the-tomb-raider-20-year-celebration
126,Mighty No. 9,2016,/game/playstation-4/mighty-no-9
127,Hitman - Intro Pack,2016,/game/playstation-4/hitman---intro-pack
128,Mirror's Edge Catalyst,2016,/game/playstation-4/mirrors-edge-catalyst
129,Destiny: Rise of Iron,2016,/game/playstation-4/destiny-rise-of-iron
130,The Witcher 3: Wild Hunt - Blood and Wine,2016,/game/playstation-4/the-witcher-3-wild-hunt---blood-and-wine
131,Salt and Sanctuary,2016,/game/playstation-4/salt-and-sanctuary
132,INSIDE,2016,/game/playstation-4/inside
133,Homefront: The Revolution,2016,/game/playstation-4/homefront-the-revolution
134,Digimon Story Cyber Sleuth,2016,/game/playstation-4/digimon-story-cyber-sleuth
135,Furi,2016,/game/playstation-4/furi
136,7 Days to Die,2016,/game/playstation-4/7-days-to-die
137,NBA 2K17,2016,/game/playstation-4/nba-2k17
138,Star Ocean: Integrity and Faithlessness,2016,/game/playstation-4/star-ocean-integrity-and-faithlessness
139,DiRT Rally,2016,/game/playstation-4/dirt-rally
140,ABZU,2016,/game/playstation-4/abzu
141,EA Sports UFC 2,2016,/game/playstation-4/ea-sports-ufc-2
142,Madden NFL 17,2016,/game/playstation-4/madden-nfl-17
143,Let It Die,2016,/game/playstation-4/let-it-die
144,XCOM 2,2016,/game/playstation-4/xcom-2
145,The King of Fighters XIV,2016,/game/playstation-4/the-king-of-fighters-xiv
146,BROFORCE,2016,/game/playstation-4/broforce
147,Naruto Shippuden: Ultimate Ninja Storm 4,2016,/game/playstation-4/naruto-shippuden-ultimate-ninja-storm-4
148,World of Final Fantasy,2016,/game/playstation-4/world-of-final-fantasy
149,Unravel,2016,/game/playstation-4/unravel
150,BioShock: The Collection,2016,/game/playstation-4/bioshock-the-collection
151,NHL 17,2016,/game/playstation-4/nhl-17
152,Call of Duty: Modern Warfare Remastered,2016,/game/playstation-4/call-of-duty-modern-warfare-remastered
153,Steep,2016,/game/playstation-4/steep
154,Teenage Mutant Ninja Turtles: Mutants in Manhattan,2016,/game/playstation-4/teenage-mutant-ninja-turtles-mutants-in-manhattan
155,Umbrella Corps,2016,/game/playstation-4/umbrella-corps
156,MLB The Show 16,2016,/game/playstation-4/mlb-the-show-16
157,Assetto Corsa,2016,/game/playstation-4/assetto-corsa
158,Dino Dini's Kick Off Revival,2016,/game/playstation-4/dino-dinis-kick-off-revival
159,Gravity Rush Remastered,2016,/game/playstation-4/gravity-rush-remastered
160,Dragon Quest Builders,2016,/game/playstation-4/dragon-quest-builders
161,Table Top Racing: World Tour,2016,/game/playstation-4/table-top-racing-world-tour
162,Alienation,2016,/game/playstation-4/alienation
163,Resident Evil 4,2016,/game/playstation-4/resident-evil-4
164,Fallout 4: Far Harbor,2016,/game/playstation-4/fallout-4-far-harbor
165,Heavy Rain,2016,/game/playstation-4/heavy-rain
166,Killing Floor 2,2016,/game/playstation-4/killing-floor-2
167,Stories: The Path of Destinies,2016,/game/playstation-4/stories-the-path-of-destinies
168,Batman: Arkham VR,2016,/game/playstation-4/batman-arkham-vr
169,Hardware: Rivals,2016,/game/playstation-4/hardware-rivals
170,I Am Setsuna,2016,/game/playstation-4/i-am-setsuna
171,Dead or Alive Xtreme 3: Fortune,2016,/game/playstation-4/dead-or-alive-xtreme-3-fortune
172,Plants vs Zombies: Garden Warfare 2,2016,/game/playstation-4/plants-vs-zombies-garden-warfare-2
173,Dragon Ball: Xenoverse 2,2016,/game/playstation-4/dragon-ball-xenoverse-2
174,Shadow of the Beast,2016,/game/playstation-4/shadow-of-the-beast
175,Trackmania Turbo,2016,/game/playstation-4/trackmania-turbo
176,Mark McMorris Infinite Air,2016,/game/playstation-4/mark-mcmorris-infinite-air
177,Batman: The Telltale Series,2016,/game/playstation-4/batman-the-telltale-series
178,Bound,2016,/game/playstation-4/bound
179,Mortal Kombat XL,2016,/game/playstation-4/mortal-kombat-xl
180,Robinson: The Journey,2016,/game/playstation-4/robinson-the-journey
181,Neverwinter,2016,/game/playstation-4/neverwinter
182,The Technomancer,2016,/game/playstation-4/the-technomancer
183,Megadimension Neptunia VII,2016,/game/playstation-4/megadimension-neptunia-vii
184,WWE 2K17,2016,/game/playstation-4/wwe-2k17
185,Attack on Titan,2016,/game/playstation-4/attack-on-titan
186,Tricky Towers,2016,/game/playstation-4/tricky-towers
187,Ghostbusters,2016,/game/playstation-4/ghostbusters
188,Senran Kagura: Estival Versus,2016,/game/playstation-4/senran-kagura-estival-versus
189,This War of Mine: The Little Ones,2016,/game/playstation-4/this-war-of-mine-the-little-ones
190,Dark Souls III: Ashes of Ariandel,2016,/game/playstation-4/dark-souls-iii-ashes-of-ariandel
191,Resident Evil 6,2016,/game/playstation-4/resident-evil-6
192,Stardew Valley,2016,/game/playstation-4/stardew-valley
193,RIGS: Mechanized Combat League,2016,/game/playstation-4/rigs-mechanized-combat-league
194,Until Dawn: Rush of Blood,2016,/game/playstation-4/until-dawn-rush-of-blood
195,Virginia,2016,/game/playstation-4/virginia
196,Driveclub VR,2016,/game/playstation-4/driveclub-vr
197,F1 2016,2016,/game/playstation-4/f1-2016
198,Dying Light: The Following,2016,/game/playstation-4/dying-light-the-following
199,The Tomorrow Children,2016,/game/playstation-4/the-tomorrow-children
200,Horizon: Zero Dawn,2017,/game/playstation-4/horizon-zero-dawn
201,Mass Effect: Andromeda,2017,/game/playstation-4/mass-effect-andromeda
202,Resident Evil 7: biohazard,2017,/game/playstation-4/resident-evil-7-biohazard
203,Persona 5,2017,/game/playstation-4/persona-5
204,NieR: Automata,2017,/game/playstation-4/nier-automata
205,Nioh,2017,/game/playstation-4/nioh
206,For Honor,2017,/game/playstation-4/for-honor
207,2064: Read Only Memories,2017,/game/playstation-4/2064-read-only-memories
208,Crash Bandicoot N. Sane Trilogy,2017,/game/playstation-4/crash-bandicoot-n-sane-trilogy
209,Tom Clancy's Ghost Recon: Wildlands,2017,/game/playstation-4/tom-clancys-ghost-recon-wildlands
210,Prey,2017,/game/playstation-4/prey
211,Tekken 7,2017,/game/playstation-4/tekken-7
212,Injustice 2,2017,/game/playstation-4/injustice-2
213,Yakuza 0,2017,/game/playstation-4/yakuza-0
214,Farpoint,2017,/game/playstation-4/farpoint
215,Sniper: Ghost Warrior 3,2017,/game/playstation-4/sniper-ghost-warrior-3
216,Tales of Berseria,2017,/game/playstation-4/tales-of-berseria
217,Friday the 13th: The Game,2017,/game/playstation-4/friday-the-13th-the-game
218,Yooka-Laylee,2017,/game/playstation-4/yooka-laylee
219,Gravity Rush 2,2017,/game/playstation-4/gravity-rush-2
220,The Surge,2017,/game/playstation-4/the-surge
221,Wipeout: Omega Collection,2017,/game/playstation-4/wipeout-omega-collection
222,What Remains of Edith Finch,2017,/game/playstation-4/what-remains-of-edith-finch
223,Drawn to Death,2017,/game/playstation-4/drawn-to-death
224,Outlast 2,2017,/game/playstation-4/outlast-2
225,MLB The Show 17,2017,/game/playstation-4/mlb-the-show-17
226,Kingdom Hearts HD 2.8 Final Chapter Prologue,2017,/game/playstation-4/kingdom-hearts-hd-28-final-chapter-prologue
227,Final Fantasy XII: The Zodiac Age,2017,/game/playstation-4/final-fantasy-xii-the-zodiac-age
228,Dark Souls III: The Ringed City,2017,/game/playstation-4/dark-souls-iii-the-ringed-city
229,Sniper Elite 4,2017,/game/playstation-4/sniper-elite-4
230,Disc Jam,2017,/game/playstation-4/disc-jam
231,Valkyria Revolution,2017,/game/playstation-4/valkyria-revolution
232,RiME,2017,/game/playstation-4/rime
233,Polybius,2017,/game/playstation-4/polybius
234,Little Nightmares,2017,/game/playstation-4/little-nightmares
235,DiRT 4,2017,/game/playstation-4/dirt-4
236,Kingdom Hearts HD I.5 + II.5 Remix,2017,/game/playstation-4/kingdom-hearts-hd-i5-+-ii5-remix
237,Night in the Woods,2017,/game/playstation-4/night-in-the-woods
238,Nex Machina: Death Machine,2017,/game/playstation-4/nex-machina-death-machine
239,Star Trek: Bridge Crew,2017,/game/playstation-4/star-trek-bridge-crew
240,LEGO Worlds,2017,/game/playstation-4/lego-worlds
241,Digimon World: Next Order,2017,/game/playstation-4/digimon-world-next-order
242,Pyre,2017,/game/playstation-4/pyre
243,Elite: Dangerous,2017,/game/playstation-4/elite-dangerous
244,Final Fantasy XIV: Stormblood,2017,/game/playstation-4/final-fantasy-xiv-stormblood
245,Vikings: Wolves of Midgard,2017,/game/playstation-4/vikings-wolves-of-midgard
246,Statik,2017,/game/playstation-4/statik
247,Micro Machines World Series,2017,/game/playstation-4/micro-machines-world-series
248,The Sexy Brutale,2017,/game/playstation-4/the-sexy-brutale
249,PaRappa the Rapper Remastered,2017,/game/playstation-4/parappa-the-rapper-remastered
250,Korix,2017,/game/playstation-4/korix
251,EVERYTHING,2017,/game/playstation-4/everything
252,Berserk and the Band of the Hawk,2017,/game/playstation-4/berserk-and-the-band-of-the-hawk
253,Syberia 3,2017,/game/playstation-4/syberia-3
254,Bulletstorm: Full Clip Edition,2017,/game/playstation-4/bulletstorm-full-clip-edition
255,Toukiden 2,2017,/game/playstation-4/toukiden-2
256,Double Dragon IV,2017,/game/playstation-4/double-dragon-iv
257,Fate/Extella: The Umbral Star,2017,/game/playstation-4/fateextella-the-umbral-star
258,Yonder: The Cloud Catcher Chronicles,2017,/game/playstation-4/yonder-the-cloud-catcher-chronicles
259,Get Even,2017,/game/playstation-4/get-even
260,FlatOut 4: Total Insanity,2017,/game/playstation-4/flatout-4-total-insanity
261,Mighty Morphin Power Rangers: Mega Battle,2017,/game/playstation-4/mighty-morphin-power-rangers-mega-battle
262,The Golf Club 2,2017,/game/playstation-4/the-golf-club-2
263,Dead by Daylight,2017,/game/playstation-4/dead-by-daylight
264,Portal Knights,2017,/game/playstation-4/portal-knights
265,Akiba's Beat,2017,/game/playstation-4/akibas-beat
266,Late Shift,2017,/game/playstation-4/late-shift
267,Wonder Boy: The Dragon's Trap,2017,/game/playstation-4/wonder-boy-the-dragons-trap
268,Cosmic Star Heroine,2017,/game/playstation-4/cosmic-star-heroine
269,Snake Pass,2017,/game/playstation-4/snake-pass
270,Torment: Tides of Numenera,2017,/game/playstation-4/torment-tides-of-numenera
271,Arizona Sunshine,2017,/game/playstation-4/arizona-sunshine
272,Puyo Puyo Tetris,2017,/game/playstation-4/puyo-puyo-tetris
273,Starblood Arena,2017,/game/playstation-4/starblood-arena
274,Final Fantasy XV: Episode Gladiolus,2017,/game/playstation-4/final-fantasy-xv-episode-gladiolus
275,Styx: Shards of Darkness,2017,/game/playstation-4/styx-shards-of-darkness
276,Dying: Reborn,2017,/game/playstation-4/dying-reborn
277,SUPERHOT VR,2017,/game/playstation-4/superhot-vr
278,Utawarerumono: Mask of Deception,2017,/game/playstation-4/utawarerumono-mask-of-deception
279,Shadow Warrior 2,2017,/game/playstation-4/shadow-warrior-2
280,GNOG,2017,/game/playstation-4/gnog
281,De-formers,2017,/game/playstation-4/de-formers
282,Marvel's Guardians of the Galaxy - Episode 1: Tangled Up in Blue,2017,/game/playstation-4/marvels-guardians-of-the-galaxy---episode-1-tangled-up-in-blue
283,LEGO City Undercover,2017,/game/playstation-4/lego-city-undercover
284,Rain World,2017,/game/playstation-4/rain-world
285,Troll and I,2017,/game/playstation-4/troll-and-i
286,Ride 2,2017,/game/playstation-4/ride-2
287,Call of Duty: Infinite Warfare - Sabotage,2017,/game/playstation-4/call-of-duty-infinite-warfare---sabotage
288,Moto Racer 4,2017,/game/playstation-4/moto-racer-4
289,Theseus,2017,/game/playstation-4/theseus
290,Ancient Amuletor,2017,/game/playstation-4/ancient-amuletor
291,Cars 3: Driven to Win,2017,/game/playstation-4/cars-3-driven-to-win
292,The Elder Scrolls Online: Morrowind,2017,/game/playstation-4/the-elder-scrolls-online-morrowind
293,Call of Duty: Black Ops III - Zombies Chronicles,2017,/game/playstation-4/call-of-duty-black-ops-iii---zombies-chronicles
294,Birthdays the Beginning,2017,/game/playstation-4/birthdays-the-beginning
295,NieR: Automata - 3C3C1D119440927,2017,/game/playstation-4/nier-automata---3c3c1d119440927
296,The Walking Dead: The Telltale Series - A New Frontier Episode 4: Thicker than Water,2017,/game/playstation-4/the-walking-dead-the-telltale-series---a-new-frontier-episode-4-thicker-than-water
297,Shiness: The Lightning Kingdom,2017,/game/playstation-4/shiness-the-lightning-kingdom
298,Flinthook,2017,/game/playstation-4/flinthook
299,Old Time Hockey,2017,/game/playstation-4/old-time-hockey
